{"f1_score":0.8912280701754386,"_step":51,"_timestamp":1.740492966047991e+09,"confusion_matrix_table":{"ncols":3,"nrows":9,"_type":"table-file","sha256":"599b9fe129f277167ebb143066c74b74e4d944f81c28f38376a7b94c33281394","size":348,"artifact_path":"wandb-client-artifact://9hx76nrwbds8tiguyijxz9517q066f34oxv0eeud5thxdj6in9d6bakx83z5r6vim5fpu1pzxjbx5z0w4pihmsu2qirsma8r8ba72gs9l6rkgsp3pxbk3wtoxqc2rixy/confusion_matrix_table.table.json","_latest_artifact_path":"wandb-client-artifact://w9kbspuw1ig8b09asw9a02d7uaonov2tclpv965lijmktsmgmtlmi57tdbya0lnmo2tm3ekbmm1se6v7bhlh73eanqb4ha5zrdr4n3pbd5r81h4s0cwny4q1n1slwv2s:latest/confusion_matrix_table.table.json","path":"media/table/confusion_matrix_table_1_599b9fe129f277167ebb.table.json"},"_wandb":{"runtime":17},"recall":0.9,"training_loss":0.43218275904655457,"validation_loss":0.5537264943122864,"epoch":49,"_runtime":17.890450164,"accuracy":0.9,"precision":0.9272727272727274}